{
  "분석시각": "2025-11-16 13:47:40",
  "총세션": 100,
  "대분류_상관": {
    "overall": {
      "pearson_r": 0.7536549873333243,
      "significant": true
    }
  },
  "평균_상관": 0.7536549873333243
}