{
  "분석시각": "2025-11-17 02:59:01",
  "총세션": 100,
  "대분류_상관": {
    "question": {
      "pearson_r": 0.6821702487881873,
      "significant": true
    },
    "answer": {
      "pearson_r": 0.7354656223535838,
      "significant": true
    },
    "context": {
      "pearson_r": 0.6527003651982499,
      "significant": true
    },
    "overall": {
      "pearson_r": 0.7536549873333243,
      "significant": true
    }
  },
  "평균_상관": 0.7059978059183363
}