{
  "question": {
    "name": "A. 질문",
    "max_score": 15,
    "n": 100,
    "pearson_r": 0.6821702487881872,
    "p_value": 5.516072535074359e-15,
    "llm_mean": 9.536666666666667,
    "llm_std": 1.9003780118974367,
    "teacher_mean": 7.78,
    "teacher_std": 2.713899873844377,
    "diff": 1.7566666666666668
  },
  "answer": {
    "name": "B. 답변",
    "max_score": 15,
    "n": 100,
    "pearson_r": 0.7354656223535838,
    "p_value": 2.938006790507151e-18,
    "llm_mean": 9.926666666666668,
    "llm_std": 2.7276610273519473,
    "teacher_mean": 7.86,
    "teacher_std": 2.69031183653081,
    "diff": 2.0666666666666673
  },
  "context": {
    "name": "C. 맥락",
    "max_score": 10,
    "n": 100,
    "pearson_r": 0.6527003651982499,
    "p_value": 1.8657746733841432e-13,
    "llm_mean": 6.599999999999999,
    "llm_std": 1.399855692418315,
    "teacher_mean": 4.965,
    "teacher_std": 1.7883672933034689,
    "diff": 1.634999999999999
  },
  "overall": {
    "name": "전체",
    "max_score": 40,
    "n": 100,
    "pearson_r": 0.7536549873333243,
    "p_value": 1.457844428021061e-19,
    "llm_mean": 26.063333333333336,
    "llm_std": 5.404968201295415,
    "teacher_mean": 20.605,
    "teacher_std": 6.522027555472565,
    "diff": 5.458333333333336
  }
}