{
  "table": "표Ⅴ-8",
  "title": "교사 평가자 간 신뢰도",
  "n_sessions": 100,
  "n_teachers": 2,
  "teacher_ids": [
    96,
    97
  ],
  "results": {
    "전체 점수": {
      "ICC": 0.716243942422456,
      "CI95_lower": 0.56,
      "CI95_upper": 0.82,
      "F": 3.8348438592057867,
      "pval": 5.883115197268365e-11,
      "pearson_r": 0.6436125485663544,
      "pearson_p": 5.11709159388174e-13,
      "spearman_rho": 0.5681441980785884,
      "spearman_p": 7.040247946314932e-10,
      "n": 100
    },
    "질문 영역": {
      "ICC": 0.7198496240601503,
      "CI95_lower": 0.58,
      "CI95_upper": 0.81,
      "F": 3.599190483242015,
      "pval": 3.713273383673909e-10,
      "pearson_r": 0.578455405313346,
      "pearson_p": 2.9202075465621277e-10,
      "spearman_rho": 0.6285609812626989,
      "spearman_p": 2.531281420785001e-12,
      "n": 100
    },
    "응답 영역": {
      "ICC": 0.6706797592144476,
      "CI95_lower": 0.48,
      "CI95_upper": 0.79,
      "F": 3.3561592505854865,
      "pval": 2.623918428294861e-09,
      "pearson_r": 0.5729518150039339,
      "pearson_p": 4.68859873386681e-10,
      "spearman_rho": 0.46583487829773396,
      "spearman_p": 1.0393796572239303e-06,
      "n": 100
    },
    "맥락 영역": {
      "ICC": 0.4077902210367348,
      "CI95_lower": 0.06,
      "CI95_upper": 0.62,
      "F": 1.970455075845974,
      "pval": 0.0004273516904334344,
      "pearson_r": 0.3916707475884392,
      "pearson_p": 5.5849487695683324e-05,
      "spearman_rho": 0.4165894187969565,
      "spearman_p": 1.623731504549127e-05,
      "n": 100
    }
  },
  "interpretation": {
    "overall_icc": 0.716243942422456,
    "koo_li_2016_threshold": {
      "poor": "<0.50",
      "moderate": "0.50-0.75",
      "good": "0.75-0.90",
      "excellent": ">0.90"
    },
    "current_level": "moderate-good"
  }
}