{
  "overall": 0.7071362378069161,
  "question_total": 0.7189505732623842,
  "answer_total": 0.6552809333742708,
  "context_total": 0.2847668001042233
}