{
  "분석시각": "2025-11-16 23:04:33",
  "총평가수": 200,
  "평가세션수": 100,
  "교사수": 2,
  "전체평균": 20.605,
  "ICC": 0.7071362378069161,
  "평균상관": 0.6436125485663547
}