{
  "overall": 0.6436125485663547,
  "question_total": 0.5784554053133462,
  "answer_total": 0.5729518150039338,
  "context_total": 0.3916707475884395
}