{
  "분석시각": "2025-11-16 13:47:41",
  "총세션": 284,
  "agent_n": 115,
  "freepass_n": 169,
  "유의한_중분류": [
    "A3",
    "B3",
    "C2"
  ],
  "C2_차이": 0.27927278964068325,
  "C2_p": 0.004489451686814064,
  "C2_d": 0.3531700065137378
}