{
  "A1": {
    "agent_mean": 3.8028985507246373,
    "agent_std": 0.7645861067067796,
    "agent_n": 115,
    "freepass_mean": 3.702169625246548,
    "freepass_std": 0.9092713375202716,
    "freepass_n": 169,
    "difference": 0.10072892547808943,
    "t_stat": 0.9760274259217953,
    "p_value": 0.32988738688735386,
    "cohens_d": 0.11990832336346857,
    "significant": false
  },
  "A2": {
    "agent_mean": 4.501449275362319,
    "agent_std": 0.9095271280044269,
    "agent_n": 115,
    "freepass_mean": 4.566074950690335,
    "freepass_std": 0.7398383329479626,
    "freepass_n": 169,
    "difference": -0.06462567532801611,
    "t_stat": -0.6578103639544556,
    "p_value": 0.5111965916600695,
    "cohens_d": -0.07795282638932197,
    "significant": false
  },
  "A3": {
    "agent_mean": 1.2608695652173914,
    "agent_std": 0.4041273627616117,
    "agent_n": 115,
    "freepass_mean": 1.4694280078895463,
    "freepass_std": 0.5650937567752263,
    "freepass_n": 169,
    "difference": -0.20855844267215495,
    "t_stat": -3.4081488206088015,
    "p_value": 0.0007494043132333974,
    "cohens_d": -0.4245478756788939,
    "significant": true
  },
  "B1": {
    "agent_mean": 3.6550724637681165,
    "agent_std": 0.9509720427472915,
    "agent_n": 115,
    "freepass_mean": 3.5167652859960548,
    "freepass_std": 0.9628765618110763,
    "freepass_n": 169,
    "difference": 0.1383071777720617,
    "t_stat": 1.1941948182377975,
    "p_value": 0.2334052904893791,
    "cohens_d": 0.14453024330914704,
    "significant": false
  },
  "B2": {
    "agent_mean": 4.56231884057971,
    "agent_std": 1.2037670059697647,
    "agent_n": 115,
    "freepass_mean": 4.613412228796845,
    "freepass_std": 0.9631732135193029,
    "freepass_n": 169,
    "difference": -0.051093388217134716,
    "t_stat": -0.39613071348352163,
    "p_value": 0.6923081578069172,
    "cohens_d": -0.046869168810229414,
    "significant": false
  },
  "B3": {
    "agent_mean": 1.9652173913043478,
    "agent_std": 0.9544947665356851,
    "agent_n": 115,
    "freepass_mean": 1.7435897435897434,
    "freepass_std": 0.8490579903042377,
    "freepass_n": 169,
    "difference": 0.22162764771460441,
    "t_stat": 2.052661693676894,
    "p_value": 0.04102810445412247,
    "cohens_d": 0.24534895685230584,
    "significant": true
  },
  "C1": {
    "agent_mean": 4.408695652173913,
    "agent_std": 0.844730102767086,
    "agent_n": 115,
    "freepass_mean": 4.469428007889546,
    "freepass_std": 0.7474951126023018,
    "freepass_n": 169,
    "difference": -0.060732355715632735,
    "t_stat": -0.6373677092714765,
    "p_value": 0.5244024779401433,
    "cohens_d": -0.07614428413015611,
    "significant": false
  },
  "C2": {
    "agent_mean": 2.3246376811594205,
    "agent_std": 0.7029052348168829,
    "agent_n": 115,
    "freepass_mean": 2.0453648915187372,
    "freepass_std": 0.8697859853859535,
    "freepass_n": 169,
    "difference": 0.27927278964068325,
    "t_stat": 2.864583027467662,
    "p_value": 0.004489451686814064,
    "cohens_d": 0.3531700065137378,
    "significant": true
  }
}