{
  "C2": {
    "Q1": {
      "n": 85,
      "agent_mean": 2.2395833333333335,
      "freepass_mean": 1.7295597484276728,
      "difference": 0.5100235849056607,
      "p_value": 0.0003484444165118126,
      "cohens_d": 0.8549592211443902
    },
    "Q2": {
      "n": 61,
      "agent_mean": 2.3020833333333335,
      "freepass_mean": 2.2528735632183907,
      "difference": 0.049209770114942764,
      "p_value": 0.8387113196935154,
      "cohens_d": 0.05200283496770219
    },
    "Q3": {
      "n": 52,
      "agent_mean": 2.3095238095238093,
      "freepass_mean": 2.008771929824561,
      "difference": 0.3007518796992481,
      "p_value": 0.23795673702601064,
      "cohens_d": 0.3694657177575683
    },
    "Q4": {
      "n": 86,
      "agent_mean": 2.4234234234234235,
      "freepass_mean": 2.292517006802721,
      "difference": 0.13090641662070235,
      "p_value": 0.4708772897167375,
      "cohens_d": 0.1602812818893055
    }
  },
  "overall": {
    "Q1": {
      "n": 85,
      "agent_mean": 26.520833333333336,
      "freepass_mean": 24.264150943396228,
      "difference": 2.256682389937108,
      "p_value": 0.031884254350964064,
      "cohens_d": 0.4989264316331434
    },
    "Q2": {
      "n": 61,
      "agent_mean": 27.083333333333332,
      "freepass_mean": 27.068965517241374,
      "difference": 0.014367816091958474,
      "p_value": 0.9890022349735387,
      "cohens_d": 0.003514960407074931
    },
    "Q3": {
      "n": 52,
      "agent_mean": 25.5,
      "freepass_mean": 26.87719298245614,
      "difference": -1.3771929824561404,
      "p_value": 0.34547006092371657,
      "cohens_d": -0.25147162245008176
    },
    "Q4": {
      "n": 86,
      "agent_mean": 26.297297297297295,
      "freepass_mean": 27.0,
      "difference": -0.7027027027027053,
      "p_value": 0.5305841496451658,
      "cohens_d": -0.1333022959952859
    }
  }
}