{
  "분석시각": "2025-11-17 02:20:13",
  "총세션": 100,
  "agent_n": 50,
  "freepass_n": 50,
  "전체차이": 2.25,
  "전체_p": 0.0845447282283453,
  "전체_d": 0.3485150899794403,
  "응답차이": 1.2800000000000002,
  "응답_p": 0.01658928252504951,
  "응답_d": 0.48751122004940356
}