{
  "overall": {
    "Q1": {
      "n": 29,
      "agent_n": 14,
      "freepass_n": 15,
      "agent_mean": 20.785714285714285,
      "agent_std": 6.51540861731246,
      "freepass_mean": 14.466666666666667,
      "freepass_std": 6.220549661825561,
      "difference": 6.319047619047618,
      "p_value": 0.012629075992640485,
      "cohens_d": 0.9920501707012536
    },
    "Q2": {
      "n": 23,
      "agent_n": 13,
      "freepass_n": 10,
      "agent_mean": 22.115384615384617,
      "agent_std": 5.204780839741822,
      "freepass_mean": 21.8,
      "freepass_std": 5.6035702904487605,
      "difference": 0.31538461538461604,
      "p_value": 0.8904726651092084,
      "cohens_d": 0.05831974864152312
    },
    "Q3": {
      "n": 22,
      "agent_n": 9,
      "freepass_n": 13,
      "agent_mean": 21.88888888888889,
      "agent_std": 5.661149274759596,
      "freepass_mean": 20.576923076923077,
      "freepass_std": 6.936756428157886,
      "difference": 1.3119658119658126,
      "p_value": 0.6444357891531247,
      "cohens_d": 0.20722357219403323
    },
    "Q4": {
      "n": 26,
      "agent_n": 14,
      "freepass_n": 12,
      "agent_mean": 22.214285714285715,
      "agent_std": 6.396255772878998,
      "freepass_mean": 22.625,
      "freepass_std": 6.285354549918551,
      "difference": -0.4107142857142847,
      "p_value": 0.870696106147545,
      "cohens_d": -0.06477073042229223
    }
  }
}