{
  "correlations": {
    "dimension_wise": {
      "질문-수학적전문성": {
        "김영건-구교희": {
          "pearson_r": 0.09816013337821065,
          "pearson_p": 0.16887890164987956,
          "spearman_r": 0.014774489137106427,
          "spearman_p": 0.8363297062549901,
          "n": 198
        },
        "김영건-황희성": {
          "pearson_r": 0.4527517096983288,
          "pearson_p": 2.1286167072155155e-11,
          "spearman_r": 0.4122614704923364,
          "spearman_p": 1.5910649958483826e-09,
          "n": 198
        },
        "구교희-황희성": {
          "pearson_r": -0.0054911589474600925,
          "pearson_p": 0.9144757911689354,
          "spearman_r": 0.03347763638922071,
          "spearman_p": 0.5125151771404411,
          "n": 385
        }
      },
      "질문-질문구조": {
        "김영건-구교희": {
          "pearson_r": 0.2261797331426199,
          "pearson_p": 0.0013548319034409621,
          "spearman_r": 0.17624800878893165,
          "spearman_p": 0.012998817859928595,
          "n": 198
        },
        "김영건-황희성": {
          "pearson_r": 0.3747283840414743,
          "pearson_p": 5.3580061865355524e-08,
          "spearman_r": 0.3769161034963783,
          "spearman_p": 4.417084556351129e-08,
          "n": 198
        },
        "구교희-황희성": {
          "pearson_r": 0.19007167634303945,
          "pearson_p": 0.00017570675513123738,
          "spearman_r": 0.1839664831920067,
          "spearman_p": 0.0002845591704270341,
          "n": 385
        }
      },
      "질문-학습맥락": {
        "김영건-구교희": {
          "pearson_r": 0.37749196346556685,
          "pearson_p": 4.197172822761347e-08,
          "spearman_r": 0.3071327345110582,
          "spearman_p": 1.0764162062688926e-05,
          "n": 198
        },
        "김영건-황희성": {
          "pearson_r": 0.48516625233818356,
          "pearson_p": 4.3634952726333855e-13,
          "spearman_r": 0.3802649759603082,
          "spearman_p": 3.277575049391621e-08,
          "n": 198
        },
        "구교희-황희성": {
          "pearson_r": 0.4911481320816645,
          "pearson_p": 9.054089597192178e-25,
          "spearman_r": 0.4169489345063002,
          "spearman_p": 1.2644762025378986e-17,
          "n": 385
        }
      },
      "응답-학습자적합성": {
        "김영건-구교희": {
          "pearson_r": 0.3741322021913901,
          "pearson_p": 5.646133517336994e-08,
          "spearman_r": 0.3712870016938787,
          "spearman_p": 7.239093584718298e-08,
          "n": 198
        },
        "김영건-황희성": {
          "pearson_r": 0.2195109547165672,
          "pearson_p": 0.0018885407565196548,
          "spearman_r": 0.20859038317830667,
          "spearman_p": 0.003187504623858583,
          "n": 198
        },
        "구교희-황희성": {
          "pearson_r": 0.23974393468208777,
          "pearson_p": 1.9514080051999025e-06,
          "spearman_r": 0.22688679531628372,
          "spearman_p": 6.920025851054685e-06,
          "n": 385
        }
      },
      "응답-설명체계성": {
        "김영건-구교희": {
          "pearson_r": 0.2356898354102625,
          "pearson_p": 0.000829770756472034,
          "spearman_r": 0.23481348071466124,
          "spearman_p": 0.0008688368789574326,
          "n": 198
        },
        "김영건-황희성": {
          "pearson_r": 0.42088598181918835,
          "pearson_p": 6.654597077637219e-10,
          "spearman_r": 0.3405833023860052,
          "spearman_p": 9.123038413699128e-07,
          "n": 198
        },
        "구교희-황희성": {
          "pearson_r": 0.2833143718108848,
          "pearson_p": 1.5379031770241776e-08,
          "spearman_r": 0.24975952116400982,
          "spearman_p": 6.920476619498373e-07,
          "n": 385
        }
      },
      "응답-학습확장성": {
        "김영건-구교희": {
          "pearson_r": 0.22278063887122956,
          "pearson_p": 0.0016066585851135641,
          "spearman_r": 0.2581086928988809,
          "spearman_p": 0.00024130053210992764,
          "n": 198
        },
        "김영건-황희성": {
          "pearson_r": 0.09009266031818688,
          "pearson_p": 0.20685596366307013,
          "spearman_r": 0.11959722583004799,
          "spearman_p": 0.09329715387756982,
          "n": 198
        },
        "구교희-황희성": {
          "pearson_r": 0.0054836663553997494,
          "pearson_p": 0.914592042191731,
          "spearman_r": 0.031950923439284455,
          "spearman_p": 0.5319425211243701,
          "n": 385
        }
      }
    },
    "overall": {
      "김영건-구교희": {
        "pearson_r": 0.32210154473096547,
        "pearson_p": 4.409391643353642e-30,
        "spearman_r": 0.3330544962371693,
        "spearman_p": 3.62904777972552e-32,
        "n": 1188
      },
      "김영건-황희성": {
        "pearson_r": 0.35207063830351304,
        "pearson_p": 5.422084538660383e-36,
        "spearman_r": 0.35613511543580295,
        "spearman_p": 7.61459977013978e-37,
        "n": 1188
      },
      "구교희-황희성": {
        "pearson_r": 0.15649827633182678,
        "pearson_p": 3.900389236099428e-14,
        "spearman_r": 0.13289378242267563,
        "spearman_p": 1.4343051151778346e-10,
        "n": 2310
      }
    }
  },
  "icc": {
    "ICC(2,1)": 0.11782193950426872,
    "ICC(2,k)": 0.28605800143357,
    "n_items": 1188,
    "n_raters": 3,
    "teachers": [
      "김영건",
      "구교희",
      "황희성"
    ]
  }
}