{
  "분석시각": "2025-11-14 11:02:01",
  "총세션": 284,
  "신뢰도_ICC": {
    "전체": 0.8476820223819769,
    "질문": 0.8646189145550361,
    "답변": 0.8415703997324405,
    "맥락": 0.5866745910046761
  },
  "세부항목수": 32
}