{
  "overall": 0.8476820223819769,
  "question": 0.8646189145550361,
  "answer": 0.8415703997324405,
  "context": 0.5866745910046761,
  "A1": 0.8711535287656577,
  "A2": 0.7987966007852089,
  "A3": 0.7748596089850247,
  "B1": 0.67187838358076,
  "B2": 0.910038475076457,
  "B3": 0.8361022583187693,
  "C1": 0.6270827805636127,
  "C2": 0.5377839313362359
}