{
  "A1_수학적 전문성": {
    "concept_accuracy": {
      "gemini": 0.8732394366197183,
      "anthropic": 0.852112676056338,
      "openai": 0.9014084507042254,
      "3model_avg": 0.8755868544600939,
      "3model_std": 0.020193251800569568
    },
    "curriculum_hierarchy": {
      "gemini": 0.045774647887323945,
      "anthropic": 0.07042253521126761,
      "openai": 0.16549295774647887,
      "3model_avg": 0.09389671361502348,
      "3model_std": 0.051616510392713665
    },
    "terminology_appropriateness": {
      "gemini": 0.9014084507042254,
      "anthropic": 0.8661971830985915,
      "openai": 0.9119718309859155,
      "3model_avg": 0.8931924882629109,
      "3model_std": 0.019569638498278273
    },
    "problem_direction_specificity": {
      "gemini": 0.897887323943662,
      "anthropic": 0.8380281690140845,
      "openai": 0.9049295774647887,
      "3model_avg": 0.880281690140845,
      "3model_std": 0.030015755522404756
    }
  },
  "A2_질문 구조": {
    "question_singularity": {
      "gemini": 0.9577464788732394,
      "anthropic": 0.8626760563380281,
      "openai": 0.9436619718309859,
      "3model_avg": 0.9213615023474179,
      "3model_std": 0.041893352811208324
    },
    "condition_completeness": {
      "gemini": 0.9190140845070423,
      "anthropic": 0.7711267605633803,
      "openai": 0.8838028169014085,
      "3model_avg": 0.857981220657277,
      "3model_std": 0.06307525278189863
    },
    "sentence_logic": {
      "gemini": 0.8028169014084507,
      "anthropic": 0.8133802816901409,
      "openai": 0.852112676056338,
      "3model_avg": 0.8227699530516431,
      "3model_std": 0.021191866297262635
    },
    "intent_clarity": {
      "gemini": 0.9612676056338029,
      "anthropic": 0.8943661971830986,
      "openai": 0.9577464788732394,
      "3model_avg": 0.937793427230047,
      "3model_std": 0.030741316558001854
    }
  },
  "A3_학습 맥락": {
    "current_stage_description": {
      "gemini": 0.017605633802816902,
      "anthropic": 0.02464788732394366,
      "openai": 0.02112676056338028,
      "3model_avg": 0.02112676056338028,
      "3model_std": 0.0028749879610131188
    },
    "prior_learning_mention": {
      "gemini": 0.014084507042253521,
      "anthropic": 0.0035211267605633804,
      "openai": 0.0035211267605633804,
      "3model_avg": 0.007042253521126761,
      "3model_std": 0.004979625219623574
    },
    "difficulty_specification": {
      "gemini": 0.2711267605633803,
      "anthropic": 0.22183098591549297,
      "openai": 0.19718309859154928,
      "3model_avg": 0.2300469483568075,
      "3model_std": 0.030741316558001882
    },
    "learning_goal_presentation": {
      "gemini": 0.01056338028169014,
      "anthropic": 0.10915492957746478,
      "openai": 0.2605633802816901,
      "3model_avg": 0.1267605633802817,
      "3model_std": 0.1028185092163182
    }
  },
  "B1_학습자 맞춤화": {
    "level_based_approach": {
      "gemini": 0.7640845070422535,
      "anthropic": 0.8943661971830986,
      "openai": 0.9225352112676056,
      "3model_avg": 0.8603286384976525,
      "3model_std": 0.06901967337084113
    },
    "prior_knowledge_connection": {
      "gemini": 0.31338028169014087,
      "anthropic": 0.8309859154929577,
      "openai": 0.6232394366197183,
      "3model_avg": 0.5892018779342723,
      "3model_std": 0.2126778700085379
    },
    "difficulty_adjustment": {
      "gemini": 0.7464788732394366,
      "anthropic": 0.8873239436619719,
      "openai": 0.9154929577464789,
      "3model_avg": 0.8497652582159625,
      "3model_std": 0.07393434623485269
    },
    "personalized_feedback": {
      "gemini": 0.15845070422535212,
      "anthropic": 0.38380281690140844,
      "openai": 0.27816901408450706,
      "3model_avg": 0.2734741784037558,
      "3model_std": 0.0920594908503642
    }
  },
  "B2_설명 체계성": {
    "concept_hierarchy": {
      "gemini": 0.897887323943662,
      "anthropic": 0.9049295774647887,
      "openai": 0.9084507042253521,
      "3model_avg": 0.903755868544601,
      "3model_std": 0.004391616651143118
    },
    "stepwise_logic": {
      "gemini": 0.8943661971830986,
      "anthropic": 0.9049295774647887,
      "openai": 0.9119718309859155,
      "3model_avg": 0.903755868544601,
      "3model_std": 0.007235227703015221
    },
    "key_emphasis": {
      "gemini": 0.8873239436619719,
      "anthropic": 0.9084507042253521,
      "openai": 0.9119718309859155,
      "3model_avg": 0.9025821596244131,
      "3model_std": 0.010884528750581797
    },
    "example_appropriateness": {
      "gemini": 0.8556338028169014,
      "anthropic": 0.9014084507042254,
      "openai": 0.8908450704225352,
      "3model_avg": 0.8826291079812206,
      "3model_std": 0.019569638498278273
    }
  },
  "B3_학습 확장성": {
    "advanced_direction": {
      "gemini": 0.16901408450704225,
      "anthropic": 0.25704225352112675,
      "openai": 0.16901408450704225,
      "3model_avg": 0.1983568075117371,
      "3model_std": 0.04149687683019645
    },
    "application_connection": {
      "gemini": 0.04225352112676056,
      "anthropic": 0.13380281690140844,
      "openai": 0.09154929577464789,
      "3model_avg": 0.0892018779342723,
      "3model_std": 0.03741168415612494
    },
    "misconception_correction": {
      "gemini": 0.38028169014084506,
      "anthropic": 0.3485915492957746,
      "openai": 0.4084507042253521,
      "3model_avg": 0.3791079812206573,
      "3model_std": 0.024451486685445622
    },
    "self_directed_induction": {
      "gemini": 0.07746478873239436,
      "anthropic": 0.29577464788732394,
      "openai": 0.1267605633802817,
      "3model_avg": 0.16666666666666666,
      "3model_std": 0.09348501291896656
    }
  },
  "C1_대화 응집성": {
    "goal_centered_consistency": {
      "gemini": 0.8732394366197183,
      "anthropic": 0.8556338028169014,
      "openai": 0.954225352112676,
      "3model_avg": 0.8943661971830985,
      "3model_std": 0.04293272572340817
    },
    "context_reference": {
      "gemini": 0.6267605633802817,
      "anthropic": 0.75,
      "openai": 0.9190140845070423,
      "3model_avg": 0.7652582159624414,
      "3model_std": 0.11979883143145939
    },
    "topic_continuity": {
      "gemini": 0.8591549295774648,
      "anthropic": 0.8626760563380281,
      "openai": 0.971830985915493,
      "3model_avg": 0.897887323943662,
      "3model_std": 0.05230582149097936
    },
    "previous_turn_connection": {
      "gemini": 0.852112676056338,
      "anthropic": 0.8732394366197183,
      "openai": 0.9366197183098591,
      "3model_avg": 0.8873239436619719,
      "3model_std": 0.03590858812389285
    }
  },
  "C2_학습 지원": {
    "thinking_process_induction": {
      "gemini": 0.2746478873239437,
      "anthropic": 0.7077464788732394,
      "openai": 0.4612676056338028,
      "3model_avg": 0.48122065727699526,
      "3model_std": 0.17737378743377472
    },
    "understanding_check": {
      "gemini": 0.045774647887323945,
      "anthropic": 0.18309859154929578,
      "openai": 0.08098591549295775,
      "3model_avg": 0.10328638497652583,
      "3model_std": 0.058237728779602246
    },
    "metacognitive_promotion": {
      "gemini": 0.02464788732394366,
      "anthropic": 0.15492957746478872,
      "openai": 0.03873239436619718,
      "3model_avg": 0.07276995305164319,
      "3model_std": 0.05837948411007459
    },
    "deep_thinking_guidance": {
      "gemini": 0.3626760563380282,
      "anthropic": 0.75,
      "openai": 0.3908450704225352,
      "3model_avg": 0.5011737089201879,
      "3model_std": 0.17632217801139835
    }
  }
}