,gemini,anthropic,openai
gemini,1.0,0.7070693062179699,0.6219203778634635
anthropic,0.7070693062179699,1.0,0.8264443416401203
openai,0.6219203778634635,0.8264443416401203,1.0
