{
  "gemini": {
    "overall": {
      "mean": 24.778169014084508,
      "std": 4.533746509569036,
      "median": 26.0
    },
    "question": {
      "mean": 9.672535211267606,
      "std": 1.632862359903092
    },
    "answer": {
      "mean": 9.18661971830986,
      "std": 2.5713212803847827
    },
    "context": {
      "mean": 5.919014084507042,
      "std": 1.481496383178113
    },
    "A1": {
      "mean": 3.7183098591549295,
      "std": 0.8765995752387825
    },
    "A2": {
      "mean": 4.640845070422535,
      "std": 0.7736065717504422
    },
    "A3": {
      "mean": 1.3133802816901408,
      "std": 0.5219870804135369
    },
    "B1": {
      "mean": 2.982394366197183,
      "std": 1.228219389466201
    },
    "B2": {
      "mean": 4.535211267605634,
      "std": 1.2045964491832772
    },
    "B3": {
      "mean": 1.6690140845070423,
      "std": 0.9032476229429904
    },
    "C1": {
      "mean": 4.211267605633803,
      "std": 1.0284365705887175
    },
    "C2": {
      "mean": 1.7077464788732395,
      "std": 0.9068700448554406
    }
  },
  "anthropic": {
    "overall": {
      "mean": 27.116197183098592,
      "std": 6.5402168443313435,
      "median": 29.0
    },
    "question": {
      "mean": 9.327464788732394,
      "std": 2.358763656697101
    },
    "answer": {
      "mean": 10.651408450704226,
      "std": 2.7424740813716855
    },
    "context": {
      "mean": 7.137323943661972,
      "std": 2.096307005370977
    },
    "A1": {
      "mean": 3.6267605633802815,
      "std": 1.050721810991362
    },
    "A2": {
      "mean": 4.341549295774648,
      "std": 1.1886829697225143
    },
    "A3": {
      "mean": 1.3591549295774648,
      "std": 0.6548708425597961
    },
    "B1": {
      "mean": 3.9964788732394365,
      "std": 1.175420350152269
    },
    "B2": {
      "mean": 4.619718309859155,
      "std": 1.1571403423787385
    },
    "B3": {
      "mean": 2.035211267605634,
      "std": 1.1853759781711637
    },
    "C1": {
      "mean": 4.341549295774648,
      "std": 1.2775165261526529
    },
    "C2": {
      "mean": 2.795774647887324,
      "std": 1.2038732097778087
    }
  },
  "openai": {
    "overall": {
      "mean": 26.91549295774648,
      "std": 4.551228557387079,
      "median": 27.5
    },
    "question": {
      "mean": 10.003521126760564,
      "std": 1.8863434058468158
    },
    "answer": {
      "mean": 10.158450704225352,
      "std": 2.439276465677183
    },
    "context": {
      "mean": 6.753521126760563,
      "std": 1.2164166788788109
    },
    "A1": {
      "mean": 3.8838028169014085,
      "std": 0.919297421386192
    },
    "A2": {
      "mean": 4.637323943661972,
      "std": 0.8399149506775504
    },
    "A3": {
      "mean": 1.482394366197183,
      "std": 0.6643681656080825
    },
    "B1": {
      "mean": 3.73943661971831,
      "std": 1.0612318827866747
    },
    "B2": {
      "mean": 4.623239436619718,
      "std": 1.106815729503019
    },
    "B3": {
      "mean": 1.795774647887324,
      "std": 0.9624668863607022
    },
    "C1": {
      "mean": 4.78169014084507,
      "std": 0.6190862659663089
    },
    "C2": {
      "mean": 1.971830985915493,
      "std": 0.9690887634288056
    }
  },
  "3model_average": {
    "A1_total": {
      "mean": 3.742957746478873,
      "std": 0.8536678616395941,
      "median": 4.0,
      "min": 1.0,
      "max": 5.0
    },
    "A2_total": {
      "mean": 4.539906103286386,
      "std": 0.8118985533189145,
      "median": 5.0,
      "min": 1.0,
      "max": 5.0
    },
    "A3_total": {
      "mean": 1.3849765258215965,
      "std": 0.5156304813741746,
      "median": 1.3333333333333333,
      "min": 1.0,
      "max": 4.0
    },
    "B1_total": {
      "mean": 3.5727699530516435,
      "std": 0.9588029092262048,
      "median": 3.6666666666666665,
      "min": 1.0,
      "max": 5.0
    },
    "B2_total": {
      "mean": 4.592723004694836,
      "std": 1.0653968899579382,
      "median": 5.0,
      "min": 1.0,
      "max": 5.0
    },
    "B3_total": {
      "mean": 1.8333333333333333,
      "std": 0.8982380344590631,
      "median": 1.6666666666666667,
      "min": 1.0,
      "max": 5.0
    },
    "C1_total": {
      "mean": 4.444835680751174,
      "std": 0.7874211886791002,
      "median": 4.666666666666667,
      "min": 1.6666666666666667,
      "max": 5.0
    },
    "C2_total": {
      "mean": 2.158450704225352,
      "std": 0.8166955031539609,
      "median": 2.0,
      "min": 1.0,
      "max": 4.666666666666667
    },
    "overall": {
      "mean": 26.269953051643192,
      "std": 4.723934845212868,
      "median": 27.333333333333332,
      "min": 9.333333333333334,
      "max": 34.333333333333336
    }
  }
}