{
  "분석시각": "2025-11-14 11:01:01",
  "총세션": 284,
  "전체평균": {
    "gemini": 24.778169014084508,
    "anthropic": 27.116197183098592,
    "openai": 26.91549295774648,
    "3모델평균": 26.269953051643192
  },
  "평균상관": {
    "gemini_anthropic": 0.6254818142488501,
    "gemini_openai": 0.5623897791203997,
    "anthropic_openai": 0.735419187679393
  }
}