{
  "n_items": 32,
  "n_sessions": 284,
  "overall_stats": {
    "gemini_anthropic": {
      "mean": 0.4470643515041075,
      "std": 0.20821098577557426,
      "min": -0.007104896605856375,
      "max": 0.84211957974194
    },
    "gemini_openai": {
      "mean": 0.4844128481422988,
      "std": 0.1987207030160468,
      "min": 0.08578350260150486,
      "max": 0.9112334912127439
    },
    "anthropic_openai": {
      "mean": 0.52468750681676,
      "std": 0.22495700011484027,
      "min": -0.003533568904593648,
      "max": 0.8961494935266198
    },
    "average": {
      "mean": 0.4853882354877221,
      "std": 0.19545432955495964
    }
  }
}