item,category,avg_correlation,teacher_96_97_r,llm_llm_avg_r,teacher_llm_avg_r
q1,A1,0.5935840916340853,0.5264379880396647,0.7175632966332532,0.5427855064002381
q2,A2,0.5026822632810877,0.4824340913705693,0.6432564613967128,0.43576985954169495
q3,A3,0.38331766460240635,0.3671501197795886,0.49894501559057164,0.3281985799121267
r1,B1,0.570645465677322,0.5055964555602004,0.600050767416349,0.5667843164939954
r2,B2,0.6641424094334918,0.5635224479935939,0.8098704364689585,0.6080483894890746
r3,B3,0.4274043652504371,0.3611421507599313,0.6728032530183125,0.3157486237815837
c1,C1,0.43185594891051765,0.4426344882316789,0.496152587159523,0.39791120656582146
c2,C2,0.298493781767155,0.11893705122065118,0.4186478296591158,0.26834287957892533
