{
  "evaluators": [
    16,
    93,
    96,
    97
  ],
  "pairwise_pearson": {
    "평가자_16": {
      "평가자_16": 1.0,
      "평가자_93": 0.9258186421726274,
      "평가자_96": 0.876309180301187,
      "평가자_97": 0.8822724504290335
    },
    "평가자_93": {
      "평가자_16": 0.9258186421726274,
      "평가자_93": 1.0,
      "평가자_96": 0.7676854313104357,
      "평가자_97": 0.6340469350686007
    },
    "평가자_96": {
      "평가자_16": 0.876309180301187,
      "평가자_93": 0.7676854313104357,
      "평가자_96": 1.0,
      "평가자_97": 0.8161046787516748
    },
    "평가자_97": {
      "평가자_16": 0.8822724504290335,
      "평가자_93": 0.6340469350686007,
      "평가자_96": 0.8161046787516748,
      "평가자_97": 1.0
    }
  },
  "pairwise_spearman": {
    "평가자_16": {
      "평가자_16": 1.0,
      "평가자_93": 0.8944271909999159,
      "평가자_96": 0.8706545277641338,
      "평가자_97": 0.7974056672034864
    },
    "평가자_93": {
      "평가자_16": 0.8944271909999157,
      "평가자_93": 1.0,
      "평가자_96": 0.7096778584028465,
      "평가자_97": 0.53936719717703
    },
    "평가자_96": {
      "평가자_16": 0.8706545277641338,
      "평가자_93": 0.7096778584028465,
      "평가자_96": 1.0,
      "평가자_97": 0.7330813085033537
    },
    "평가자_97": {
      "평가자_16": 0.7974056672034865,
      "평가자_93": 0.53936719717703,
      "평가자_96": 0.7330813085033536,
      "평가자_97": 1.0
    }
  },
  "pairwise_n": {
    "평가자_16": {
      "평가자_16": 0,
      "평가자_93": 5,
      "평가자_96": 13,
      "평가자_97": 22
    },
    "평가자_93": {
      "평가자_16": 5,
      "평가자_93": 0,
      "평가자_96": 14,
      "평가자_97": 23
    },
    "평가자_96": {
      "평가자_16": 13,
      "평가자_93": 14,
      "평가자_96": 0,
      "평가자_97": 40
    },
    "평가자_97": {
      "평가자_16": 22,
      "평가자_93": 23,
      "평가자_96": 40,
      "평가자_97": 0
    }
  },
  "all_evaluated_together": 5,
  "summary_table": [
    {
      "평가자쌍": "평가자_16_vs_93",
      "공통세션수": 5,
      "Pearson_r": 0.9258186421726274,
      "Pearson_p": 0.02398190124835655,
      "Spearman_ρ": 0.8944271909999157,
      "Spearman_p": 0.040519326353834054
    },
    {
      "평가자쌍": "평가자_16_vs_96",
      "공통세션수": 13,
      "Pearson_r": 0.876309180301187,
      "Pearson_p": 8.513703086923921e-05,
      "Spearman_ρ": 0.8706545277641338,
      "Spearman_p": 0.00010764149485548854
    },
    {
      "평가자쌍": "평가자_16_vs_97",
      "공통세션수": 22,
      "Pearson_r": 0.8822724504290335,
      "Pearson_p": 5.630378520414681e-08,
      "Spearman_ρ": 0.7974056672034865,
      "Spearman_p": 8.837885802260232e-06
    },
    {
      "평가자쌍": "평가자_93_vs_96",
      "공통세션수": 14,
      "Pearson_r": 0.7676854313104357,
      "Pearson_p": 0.0013469282114424363,
      "Spearman_ρ": 0.7096778584028465,
      "Spearman_p": 0.0044680259350547945
    },
    {
      "평가자쌍": "평가자_93_vs_97",
      "공통세션수": 23,
      "Pearson_r": 0.6340469350686007,
      "Pearson_p": 0.001158741642249325,
      "Spearman_ρ": 0.53936719717703,
      "Spearman_p": 0.00790642729150292
    },
    {
      "평가자쌍": "평가자_96_vs_97",
      "공통세션수": 40,
      "Pearson_r": 0.8161046787516748,
      "Pearson_p": 1.388907553610426e-10,
      "Spearman_ρ": 0.7330813085033536,
      "Spearman_p": 7.479765120836622e-08
    }
  ]
}